CpG,logFC,AveExpr,t,P.Value,adj.P.Val,B,Normal_AVG,Tumor_AVG,deltaBeta,CHR,MAPINFO,Strand,Type,gene,feature,cgi,feat.cgi,UCSC_CpG_Islands_Name,DHS,Enhancer,Phantom,Probe_SNPs,Probe_SNPs_10,dbeta,cutpoint,F1,DNAm
cg14117138,0.487159328,0.627808756,17.53042025,4.41e-55,2.91e-51,114.3952207,0.184458719,0.671618048,0.487159328,19,46800085,R,I,HIF3A,TSS1500,island,TSS1500-island,chr19:46800053-46800603,True,,,,,0.587046117,0.32,0.9635627530364372,hyper
cg26388816,0.460666833,0.608316337,16.61105258,1.34e-50,3.83e-47,104.1075072,0.189076377,0.64974321,0.460666833,12,570155,F,I,B4GALNT3,Body,island,Body-island,chr12:568702-570362,True,,,,,0.547537792,0.39,0.9440993788819876,hyper
cg06426416,0.389213017,0.505983496,11.78586414,9.03e-29,4.59e-27,54.09978781,0.151771649,0.540984666,0.389213017,4,5710403,R,II,EVC2,5'UTR,island,5'UTR-island,chr4:5709985-5710495,True,,,,,0.525780059,0.37,0.8913043478260869,hyper
cg08377924,0.455227965,0.526558613,14.71900945,1.22e-41,6.02e-39,83.57068034,0.112268415,0.567496379,0.455227965,17,41363628,R,II,NBR1,3'UTR,shore,3'UTR-shore,chr17:41363727-41364273,True,,,,,0.521922397,0.2,0.9591836734693876,hyper
cg14539231,0.373137389,0.494941708,13.37451479,1.46e-35,2.2800000000000002e-33,69.64307003,0.15535984,0.528497228,0.373137389,13,43566262,F,II,EPSTI1,1stExon,island,1stExon-island,chr13:43566074-43566508,True,True,,,,0.50529618,0.39,0.8984881209503239,hyper
cg06361405,0.430505324,0.537153613,17.36204178,2.96e-54,1.69e-50,112.498472,0.145362797,0.57586812,0.430505324,10,104434010,F,II,ARL3,3'UTR,opensea,3'UTR-opensea,,True,,,,,0.491041827,0.45,0.91220556745182,hyper
cg00697992,0.394501197,0.624691029,13.31536343,2.66e-35,3.98e-33,69.04541197,0.265666558,0.660167755,0.394501197,2,139537131,F,II,NXPH2,Body,shore,Body-shore,chr2:139537692-139538650,,True,,,,0.463824116,0.41,0.931106471816284,hyper
cg09300114,0.386726688,0.658671465,15.97716794,1.49e-47,2.28e-44,97.12236126,0.306722356,0.693449045,0.386726688,17,73084329,R,II,SLC16A5,5'UTR,island,5'UTR-island,chr17:73083866-73084495,,,,,,0.463647222,0.47,0.948665297741273,hyper
